<?xml version="1.0" encoding="UTF-8"?><module codename="org.openide.awt">
    <module_version install_time="1558147919344" last="true" origin="installer" specification_version="7.67.1">
        <file crc="3208246121" name="config/Modules/org-openide-awt.xml"/>
        <file crc="1521080765" name="modules/locale/org-openide-awt_ja.jar"/>
        <file crc="1468409066" name="modules/locale/org-openide-awt_pt_BR.jar"/>
        <file crc="2834121172" name="modules/locale/org-openide-awt_ru.jar"/>
        <file crc="1774407784" name="modules/locale/org-openide-awt_zh_CN.jar"/>
        <file crc="747415429" name="modules/org-openide-awt.jar"/>
    </module_version>
</module>
